[
  {
    "model": "user.user",
    "pk": 1,
    "fields": {
      "username": "john_doe",
      "first_name": "John",
      "last_name": "Doe",
      "email": "john.doe@example.com",
      "is_staff": true,
      "is_active": true,
      "is_superuser": true,
      "password": "pbkdf2_sha256$260000$...",
      "date_joined": "2023-08-01T00:00:00Z",
      "photo": "",
      "is_owner": true
    }
  },
  {
    "model": "user.user",
    "pk": 2,
    "fields": {
      "username": "jane_smith",
      "first_name": "Jane",
      "last_name": "Smith",
      "email": "jane.smith@example.com",
      "is_staff": false,
      "is_active": true,
      "is_superuser": false,
      "password": "pbkdf2_sha256$260000$...",
      "date_joined": "2023-08-01T00:00:00Z",
      "photo": "",
      "is_owner": false
    }
  },
  {
    "model": "user.user",
    "pk": 3,
    "fields": {
      "username": "michael_jordan",
      "first_name": "Michael",
      "last_name": "Jordan",
      "email": "michael.jordan@example.com",
      "is_staff": true,
      "is_active": true,
      "is_superuser": false,
      "password": "pbkdf2_sha256$260000$...",
      "date_joined": "2023-08-01T00:00:00Z",
      "photo": "",
      "is_owner": true
    }
  },
  {
    "model": "user.user",
    "pk": 4,
    "fields": {
      "username": "elena_kova",
      "first_name": "Elena",
      "last_name": "Kova",
      "email": "elena.kova@example.com",
      "is_staff": false,
      "is_active": true,
      "is_superuser": false,
      "password": "pbkdf2_sha256$260000$...",
      "date_joined": "2023-08-01T00:00:00Z",
      "photo": "",
      "is_owner": false
    }
  },
  {
    "model": "user.user",
    "pk": 5,
    "fields": {
      "username": "alice_wong",
      "first_name": "Alice",
      "last_name": "Wong",
      "email": "alice.wong@example.com",
      "is_staff": true,
      "is_active": true,
      "is_superuser": false,
      "password": "pbkdf2_sha256$260000$...",
      "date_joined": "2023-08-01T00:00:00Z",
      "photo": "",
      "is_owner": true
    }
  },
  {
    "model": "website.tag",
    "pk": 1,
    "fields": {
      "name": "Wi-Fi",
      "type": "convenience"
    }
  },
  {
    "model": "website.tag",
    "pk": 2,
    "fields": {
      "name": "Vegan Options",
      "type": "activity"
    }
  },
  {
    "model": "website.tag",
    "pk": 3,
    "fields": {
      "name": "Pet Friendly",
      "type": "convenience"
    }
  },
  {
    "model": "website.tag",
    "pk": 4,
    "fields": {
      "name": "Outdoor Seating",
      "type": "convenience"
    }
  },
  {
    "model": "website.tag",
    "pk": 5,
    "fields": {
      "name": "Live Music",
      "type": "activity"
    }
  },
  {
    "model": "website.socials",
    "pk": 1,
    "fields": {
      "instagram": "https://instagram.com/bluebottle",
      "facebook": "https://facebook.com/bluebottle",
      "twitter": "https://twitter.com/bluebottle"
    }
  },
  {
    "model": "website.socials",
    "pk": 2,
    "fields": {
      "instagram": "https://instagram.com/starbucks",
      "facebook": "https://facebook.com/starbucks",
      "twitter": "https://twitter.com/starbucks"
    }
  },
  {
    "model": "website.socials",
    "pk": 3,
    "fields": {
      "instagram": "https://instagram.com/peetscoffee",
      "facebook": "https://facebook.com/peetscoffee",
      "twitter": "https://twitter.com/peetscoffee"
    }
  },
  {
    "model": "website.socials",
    "pk": 4,
    "fields": {
      "instagram": "https://instagram.com/philzcoffee",
      "facebook": "https://facebook.com/philzcoffee",
      "twitter": "https://twitter.com/philzcoffee"
    }
  },
  {
    "model": "website.socials",
    "pk": 5,
    "fields": {
      "instagram": "https://instagram.com/vervecoffee",
      "facebook": "https://facebook.com/vervecoffee",
      "twitter": "https://twitter.com/vervecoffee"
    }
  },
  {
    "model": "website.address",
    "pk": 1,
    "fields": {
      "postal_code": 94103,
      "street": "123 Mission St",
      "city": "San Francisco"
    }
  },
  {
    "model": "website.address",
    "pk": 2,
    "fields": {
      "postal_code": 94107,
      "street": "456 Howard St",
      "city": "San Francisco"
    }
  },
  {
    "model": "website.address",
    "pk": 3,
    "fields": {
      "postal_code": 94108,
      "street": "789 Market St",
      "city": "San Francisco"
    }
  },
  {
    "model": "website.address",
    "pk": 4,
    "fields": {
      "postal_code": 94110,
      "street": "123 Valencia St",
      "city": "San Francisco"
    }
  },
  {
    "model": "website.address",
    "pk": 5,
    "fields": {
      "postal_code": 94114,
      "street": "456 Castro St",
      "city": "San Francisco"
    }
  },
  {
    "model": "website.worktime",
    "pk": 1,
    "fields": {
      "mon_open": "08:00:00",
      "mon_close": "18:00:00",
      "tue_open": "08:00:00",
      "tue_close": "18:00:00",
      "wed_open": "08:00:00",
      "wed_close": "18:00:00",
      "thu_open": "08:00:00",
      "thu_close": "18:00:00",
      "fri_open": "08:00:00",
      "fri_close": "18:00:00",
      "sat_open": "09:00:00",
      "sat_close": "17:00:00",
      "sun_open": "09:00:00",
      "sun_close": "15:00:00"
    }
  },
  {
    "model": "website.worktime",
    "pk": 2,
    "fields": {
      "mon_open": "07:00:00",
      "mon_close": "20:00:00",
      "tue_open": "07:00:00",
      "tue_close": "20:00:00",
      "wed_open": "07:00:00",
      "wed_close": "20:00:00",
      "thu_open": "07:00:00",
      "thu_close": "20:00:00",
      "fri_open": "07:00:00",
      "fri_close": "20:00:00",
      "sat_open": "08:00:00",
      "sat_close": "19:00:00",
      "sun_open": "08:00:00",
      "sun_close": "17:00:00"
    }
  },
  {
    "model": "website.worktime",
    "pk": 3,
    "fields": {
      "mon_open": "06:00:00",
      "mon_close": "22:00:00",
      "tue_open": "06:00:00",
      "tue_close": "22:00:00",
      "wed_open": "06:00:00",
      "wed_close": "22:00:00",
      "thu_open": "06:00:00",
      "thu_close": "22:00:00",
      "fri_open": "06:00:00",
      "fri_close": "22:00:00",
      "sat_open": "07:00:00",
      "sat_close": "21:00:00",
      "sun_open": "07:00:00",
      "sun_close": "20:00:00"
    }
  },
  {
    "model": "website.worktime",
    "pk": 4,
    "fields": {
      "mon_open": "08:00:00",
      "mon_close": "17:00:00",
      "tue_open": "08:00:00",
      "tue_close": "17:00:00",
      "wed_open": "08:00:00",
      "wed_close": "17:00:00",
      "thu_open": "08:00:00",
      "thu_close": "17:00:00",
      "fri_open": "08:00:00",
      "fri_close": "17:00:00",
      "sat_open": "09:00:00",
      "sat_close": "16:00:00",
      "sun_open": "09:00:00",
      "sun_close": "15:00:00"
    }
  },
  {
    "model": "website.worktime",
    "pk": 5,
    "fields": {
      "mon_open": "09:00:00",
      "mon_close": "18:00:00",
      "tue_open": "09:00:00",
      "tue_close": "18:00:00",
      "wed_open": "09:00:00",
      "wed_close": "18:00:00",
      "thu_open": "09:00:00",
      "thu_close": "18:00:00",
      "fri_open": "09:00:00",
      "fri_close": "18:00:00",
      "sat_open": "10:00:00",
      "sat_close": "16:00:00",
      "sun_open": "10:00:00",
      "sun_close": "15:00:00"
    }
  },
  {
    "model": "website.city",
    "pk": 1,
    "fields": {
      "city_name": "Kyiv",
      "map_svg": "M22.8807 46.3489C22.9101 46.2346 23.0843 45.5943 23.0925 45.4055C23.1041 45.1372 23.2099 44.4986 23.5849 44.7253C23.8504 44.8858 24.8088 45.3448 25.0842 45.3448C25.3668 45.3448 25.6501 45.3232 25.9267 45.3462C26.4501 45.3898 27.1026 45.5625 27.5391 45.2519C27.9959 44.9269 28.1359 44.833 28.3156 44.2423C28.3978 43.9721 28.566 44.3612 28.7974 43.465C28.8807 43.1426 29.0519 42.7341 29.2799 43.2072C29.5441 43.7555 29.5446 43.3599 30.1132 43.0777C30.7538 42.7597 30.658 42.7436 30.8388 43.3572C30.9512 43.7389 30.5463 45.1715 30.4429 45.6405C30.1968 46.7558 31.8059 47.3819 31.2892 48.195C31.1547 48.4066 30.6331 48.2101 30.4429 48.1505C30.1048 48.0446 29.9834 48.5845 29.8836 48.6282C29.7827 48.6721 29.5159 49.2639 29.3066 49.1682C29.0927 49.0705 28.933 48.2897 28.563 48.7887C28.1321 49.37 28.6548 49.3142 28.0515 49.5174C27.3674 49.7477 26.9863 49.357 26.373 49.2273C26.0776 49.1648 25.5823 48.8345 25.2038 48.7942C25.0366 48.7764 24.0627 48.4934 23.996 48.3584C23.7773 47.9157 23.8349 47.885 23.4096 47.4945C23.1221 47.2305 23.2149 47.0949 23.1395 46.9966L22.8807 46.3489ZM154.375 90.4621C154.73 90.4981 155.17 90.6129 155.508 90.7374C155.938 90.8952 156.317 90.905 156.688 91.0668C156.942 91.1777 157.006 91.1389 157.119 91.1787C157.614 91.3525 158.395 90.8823 158.737 90.5185C158.988 90.2513 159.701 89.0551 159.791 88.7131C159.889 88.3408 160.232 87.7238 160.293 87.4541C160.367 87.128 160.59 86.8088 160.659 86.5917C160.837 86.027 161.024 85.8843 160.997 85.2152C160.858 84.9809 160.603 84.8684 160.449 84.6497C160.131 84.1977 159.943 84.2312 159.612 83.9682C159.073 83.5395 157.94 83.8049 157.556 83.276C157.173 82.7502 156.971 83.3741 156.442 83.2394C155.831 83.084 155.612 82.7106 155.229 82.3099C154.813 81.8745 154.495 81.0879 153.961 80.7659C153.445 80.4548 153.579 80.4908 153.18 80.1422C152.884 79.8836 153.026 79.4928 153.255 79.2923C153.735 78.8719 153.561 79.0698 153.949 78.5431C154.171 78.2418 153.944 77.9694 154.192 77.7173C154.967 76.9303 154.022 76.3414 154.008 76.2273C153.951 75.7278 154.65 75.6321 154.167 75.0656C153.95 74.8103 153.565 74.4685 153.384 74.1828C153.131 73.7815 153.356 73.935 152.898 73.3772C152.731 73.2393 152.477 72.8418 152.321 72.7063C151.5 71.9932 151.673 72.4495 150.819 72.276C149.898 72.0887 149.75 71.448 149.205 71.0883C148.783 70.8101 148.384 70.4958 147.978 70.1915C146.394 69.005 148.006 68.1487 146.973 67.6755C146.29 67.3631 145.794 67.1866 145.119 66.8023C144.88 66.6661 144.307 66.2784 144.135 66.2152C143.418 65.9516 142.822 65.3124 142.191 64.866C141.771 64.5678 141.84 64.4751 141.572 64.2316C141.096 63.7991 140.705 63.2819 140.324 62.7538C140.091 62.3169 139.64 62.0821 139.267 61.827C138.949 61.6092 138.925 61.6366 138.634 61.48C138.033 61.1573 138.739 60.6137 139.302 60.685C140.274 60.8081 140.516 60.1489 141.162 59.9226C141.771 59.7095 140.53 58.7921 140.676 57.7131C140.79 56.8806 141.143 57.4373 140.963 56.0818L140.88 56.0966C140.569 56.18 140.359 56.1558 140.061 56.2057C139.528 56.2951 139.217 56.2113 138.703 56.2113C138.209 56.2113 138.935 55.4816 139.023 55.391C139.554 54.8469 139.577 54.8367 139.968 54.1652C140.47 53.3046 139.887 53.1886 139.603 52.6783C139.349 52.2231 139.332 52.0408 139.425 51.4988C139.435 51.3028 139.468 51.1548 139.547 50.9783C139.739 50.5526 139.932 49.5065 140.608 49.6513C141.211 49.7804 141.488 49.8685 142.126 49.804C142.42 49.7742 142.573 49.8891 142.711 49.6864C142.994 49.2716 142.235 47.6035 142.059 47.0884C141.778 46.2637 141.01 47.865 140.371 47.6474C139.634 47.3966 139.921 46.5609 139.842 46.1751C139.658 45.279 138.403 47.0279 138.03 46.3301C137.943 46.168 137.77 44.4931 137.73 44.1637C137.688 43.8038 137.3 42.9686 137.386 42.6406C137.536 42.0598 138.898 41.773 139.471 41.0211C139.775 40.6227 140.227 41.7337 140.674 39.8713L140.722 39.827C141.091 39.5227 141.575 39.0348 141.998 38.8572C142.511 38.6421 142.214 38.1413 143.155 38.1311C143.538 38.127 143.366 36.9447 143.332 36.6769C143.224 35.811 142.683 36.0323 142.418 35.6661C142.228 35.4046 142.076 35.2039 141.854 34.9644C141.734 34.8333 141.525 34.5467 141.457 34.3781C141.178 33.6797 140.826 33.9184 140.29 34.0656C140.071 34.1259 139.821 34.2126 139.611 34.2607C139.138 34.3691 139.026 34.5113 138.628 34.6952C138.263 34.8632 137.976 35.1013 137.648 35.3158C137.311 35.5364 137.005 35.7972 136.667 35.9907C136.456 36.1119 136.288 36.2683 136.092 36.3761C135.679 36.6036 135.303 36.8638 134.843 36.9813C134.111 37.1683 133.967 37.1825 133.218 37.1143L132.761 32.1427L140.799 31.0252L141.013 33.6325C141.178 33.5787 141.21 33.5326 141.422 33.4973C142.151 33.3766 142.792 33.2391 143.511 33.0537C143.906 32.9518 144.085 32.8435 144.442 32.727C145.102 32.5114 145.097 32.5153 145.705 32.2032C146.048 32.0274 146.455 31.7446 146.738 31.6054C147.478 31.2419 148.284 30.6064 149.019 30.2576C149.556 30.0023 149.942 29.7153 150.451 29.422C150.831 29.1964 151.144 29.1157 151.549 28.9848C152.623 28.6377 153.696 28.7636 154.719 28.1223C155.496 27.6357 156.097 26.4747 157.279 26.4747C157.611 26.4747 158.478 26.0367 158.804 25.8713C159.368 25.5855 159.645 25.8183 159.999 25.3721C160.148 25.1841 159.899 24.4938 159.82 24.2922C159.6 23.7295 159.461 23.2402 159.362 22.6423C159.262 22.0357 159.329 21.5751 159.266 20.9362C159.266 20.4349 159.247 19.813 159.163 19.3211C159.044 18.6204 159.091 17.826 158.982 17.1889C158.905 16.7394 158.978 15.8022 158.455 15.7379C157.381 15.6056 157.789 15.0241 157.789 14.3101C157.789 13.8043 158.223 13.1531 158.034 13.0455C157.599 12.7983 157.696 13.1655 157.287 12.4667C156.963 11.6365 156.122 11.4986 155.382 11.3183C155.155 11.263 153.889 10.663 153.709 10.5353C153.377 10.2993 152.949 9.86364 152.571 9.56926C152.444 9.47026 151.43 8.40037 151.4 8.3279C151.188 7.80848 151.033 7.57962 150.635 7.18878C150.361 6.91937 150.358 6.69012 150.219 6.45861C149.666 5.53689 149.305 6.66847 149.096 7.15499L145.976 7.73797L144.925 4.12669L141.241 4.3534L133.218 1.04973C133.098 0.932895 132.499 1.05335 132.335 1.09282C131.929 1.19075 131.888 1.22189 131.787 1.68138L132.518 3.5113L129.229 8.98492L130.006 9.84317L130.6 16.8715L126.398 17.2601L126.261 14.2318L124.419 15.1549C124.156 15.318 123.893 15.527 123.618 15.7014C123.119 16.0181 122.354 16.7159 121.89 16.9483C121.023 17.3835 120.171 17.883 119.224 18.1022C118.542 18.2601 117.911 18.2475 117.355 18.7662C116.806 19.278 116.719 20.6812 116.655 21.4331C116.596 22.1099 116.118 22.9686 115.68 23.4639C115.255 23.9455 115.325 23.9621 115.173 24.5082C114.9 25.4887 114.862 25.6236 114.386 26.5718L101.385 25.8754L92.7536 25.2763C92.457 25.2146 91.5334 25.0976 91.3469 24.8122C91.181 24.5584 90.6573 24.408 90.4082 24.4004C89.8064 24.382 89.3737 24.3324 88.7855 24.2019C87.456 23.907 87.7826 24.9852 87.3187 25.6608C87.0858 26 87.0187 27.279 87.0447 27.6406C87.0607 27.8919 87.1949 28.3338 87.3796 28.5151C87.4747 28.6085 88.4199 29.1221 88.5497 29.1643C88.9649 29.2995 88.8632 29.343 89.1151 29.4558C89.36 29.5653 89.4539 29.7766 89.5453 30.0457C89.6105 30.2379 90.0786 31.105 90.1973 31.259C90.5215 31.6791 90.4786 31.7134 90.6579 32.1899C90.7355 32.3959 90.8017 33.7384 90.7288 33.9402C90.5498 34.4353 89.7412 35.3775 89.1873 34.928C88.9586 34.7424 88.943 34.6633 88.8067 34.5394C88.6376 34.3855 88.1116 33.5521 88.0533 33.3397C87.9674 33.0263 87.9146 32.9824 87.8198 32.7298C87.5067 31.8947 86.28 32.4261 85.6367 32.213C84.7377 31.9151 84.8136 32.3785 84.2635 32.4721C83.3919 32.6203 83.7762 31.3795 83.9238 30.9605L84.0509 30.7726C84.2726 30.4447 84.5189 29.7736 84.5341 29.3678C84.5802 28.1359 84.2497 27.2074 83.485 26.2887C82.9502 25.6464 82.5331 25.5063 81.9626 25.0172C81.5413 24.656 81.0955 24.2818 80.5937 24.0604C80.15 23.8644 78.9375 23.3408 78.5955 23.1224C78.0905 22.7998 77.7906 22.5264 77.2102 22.2317C76.8247 22.036 76.5865 21.7576 76.2894 21.6044C75.7773 21.3403 75.6759 21.1045 75.3007 20.8455C74.7075 20.4362 74.3109 20.2814 73.7544 19.7703C73.1126 19.0122 72.5493 18.4529 71.9806 17.6136C71.4943 16.896 71.1753 15.8436 71.1968 14.9592C71.2079 14.5056 71.1352 14.0662 71.1195 13.6498C71.1004 13.1473 71.0525 13.1908 70.9573 12.7605C70.8052 12.0738 70.8802 12.3942 70.5766 11.8675C70.4989 11.7327 69.1581 11.4289 68.949 11.3697C68.5907 11.2684 68.0945 11.0857 67.9886 10.6478C67.8008 9.87148 68.1653 10.0086 67.3605 9.61637H62.7021V4.11034L58.0436 3.20351L37.644 2.84714L37.5222 8.79043L28.6012 8.72569L20.7762 10.005L20.8166 10.055C21.1366 10.6026 21.4947 10.6923 22.0828 10.8484C22.7186 11.0173 22.8182 11.1489 23.3567 11.4301C24.2565 11.8999 24.4847 11.696 25.295 12.4786C25.8016 12.9678 25.0461 13.6127 25.6021 14.0817C26.8236 15.1123 27.0931 15.3941 28.7102 15.6674C29.1331 15.7389 29.1125 15.9932 29.2392 16.1953C29.6575 16.8632 28.2771 16.4925 28.0482 16.4559C27.6644 16.3943 27.3535 15.9487 27.0331 16.3453C26.9679 16.426 26.9265 17.5051 26.9265 17.7028C26.9265 18.5742 27.1659 18.2743 26.9 19.1316C26.7382 19.6534 26.3319 19.7248 25.8556 19.7553C24.7682 19.8248 25.8902 20.7539 25.2863 21.1642C25.1026 21.289 24.6464 20.713 24.4947 20.5517C24.3686 20.4175 23.8713 19.9671 23.7309 19.8729C23.5452 19.7483 23.0055 19.1192 22.9266 18.916C22.8291 18.6651 22.1834 18.1452 22.0549 17.9522C21.9303 17.7651 21.8238 17.7321 21.7048 17.6001C21.4301 17.2955 21.1013 17.0962 20.6962 17.1466C19.9636 17.2377 19.4492 17.8032 18.5991 17.8605C18.0849 17.8952 18.0245 17.5185 17.8532 18.264C17.8567 18.4364 17.8212 18.7789 17.8671 18.9373C18.1289 19.8403 18.6155 19.751 18.9506 20.2291C19.3674 20.8238 19.1284 21.2928 19.3855 22.0267C19.5474 22.4885 19.5117 22.971 19.4517 23.4504C19.3852 23.9808 19.3554 24.4648 19.2729 24.9967C19.1873 25.5493 19.2778 25.8141 19.0925 26.4505C18.9721 26.8639 18.9398 26.7945 18.7932 27.0737C18.6515 27.3432 17.997 27.5196 17.7593 27.4582C17.6784 27.4373 16.6039 27.5353 16.5096 27.5651C15.9225 27.7506 15.9267 27.6988 15.7941 28.2439C15.7271 28.519 15.6917 29.2815 15.6458 29.4056C15.5337 29.7088 15.5045 30.1741 15.2956 30.3625C14.7768 30.8305 14.8881 30.3383 14.3517 31.1547L14.2578 31.2652C13.7577 31.9132 13.4325 32.2317 12.7011 32.5677C11.8913 32.9396 11.8034 32.5837 11.1852 32.7037C10.6437 32.8089 9.58095 34.1502 9.20884 34.635C9.00133 34.9054 8.26586 36.3015 8.15051 36.6325C7.72703 37.8476 8.03792 38.8835 8.87125 39.77C8.89565 39.7959 9.11917 39.9846 9.14522 40.0008C9.40852 40.164 9.71038 40.5522 9.79987 40.6079C9.9085 40.6753 10.1995 41.4869 10.2109 41.5943C10.269 42.1429 10.3076 42.7155 10.1804 43.2517C10.0941 43.4322 9.87885 43.7006 9.7542 43.8712C9.52718 44.1821 9.11088 44.4981 9.05786 44.8184C8.94757 45.4841 9.64686 45.4968 9.11088 46.2074C8.62665 46.8495 7.59041 47.9083 6.92656 48.3515C6.85319 48.4005 6.14469 48.4323 6.09921 48.4135C5.69911 48.2482 5.33741 48.9138 5.32286 49.2667C5.30123 49.7912 5.25207 49.9256 5.16406 50.4151C5.1358 50.5722 4.97754 51.5183 4.9549 51.5917C4.73993 52.2882 4.84046 52.6125 4.48161 53.3245C4.26877 53.7468 5.19278 54.2286 5.45589 54.2921C5.70731 54.3526 5.93 54.5638 5.96351 54.5714C6.14193 54.612 6.54884 55.3265 6.5585 55.4987C6.59754 56.197 6.77705 55.9872 6.54202 56.7576C6.42244 56.9128 6.19523 57.059 6.04959 57.2532C5.71311 57.7022 5.26615 58.1051 4.87609 58.5039C4.53031 58.8574 4.23203 59.5501 4.06798 59.7212C3.18079 60.6465 2.97578 61.5519 2.38594 62.5996C2.19887 62.9319 2.00343 63.1913 1.9179 63.6133C1.77328 64.3276 1.79758 64.429 1.92923 65.1138C2.00389 65.502 2.11896 65.5724 2.20725 65.8209C2.35703 66.2427 2.5731 66.4202 2.72215 66.7291C2.95258 67.2066 2.82019 67.0604 3.19276 67.6564C3.20906 67.8826 3.30167 67.9957 3.44639 68.126C3.87162 68.5087 3.89703 68.9216 3.69919 69.4433C3.46848 70.0515 2.81467 70.3202 2.73614 70.7375C2.67069 71.0854 2.71165 71.1693 2.62429 71.5365C2.3261 72.7904 1.70598 72.2833 1.33939 73.3484C1.10013 74.0437 0.908368 74.186 1.04627 74.9156C1.1039 75.2205 1.54119 76.0863 1.84057 76.1851C2.50111 76.4034 2.52477 76.3918 3.05578 76.9194C3.35507 76.8099 4.10416 76.5017 4.32778 76.2194C4.63213 75.8353 4.68175 75.8396 4.94808 75.3773C5.17069 74.9909 5.56857 74.6293 5.81585 74.129C5.91325 73.9318 6.99726 73.0463 7.29858 73.4771C7.63635 73.96 7.37186 73.6739 7.86319 74.0114C8.34835 74.3447 9.06918 74.6736 9.45823 75.0752C9.58104 75.202 9.8714 75.4061 10.062 75.3343C10.2487 75.2638 10.4141 74.9378 10.7079 74.7563C11.0607 74.5383 11.7625 74.2464 11.6669 73.762C11.4631 72.7296 11.3772 73.4089 11.7643 72.2925C11.9402 71.7855 12.515 70.8012 12.7769 70.3099C12.8124 70.2434 12.8368 70.2008 12.8644 70.1304C13.1209 68.9915 13.3496 68.107 13.1954 66.9063C13.1581 66.6168 13.2001 65.9171 13.666 66.1184C14.0283 66.275 14.5385 66.2781 14.9944 66.414C15.7963 66.6531 16.2673 66.6344 17.0839 66.9901C17.515 67.1778 17.9267 67.2198 18.4262 67.4584C18.8484 67.6599 19.4175 67.8078 19.8837 67.9724C21.1782 68.4294 23.1851 68.5011 24.5009 68.2046C25.7277 67.9283 26.7537 67.4963 28.0259 67.2802C28.6014 67.1825 29.0142 67.0874 29.6104 67.0535C30.073 66.9311 30.327 66.9336 30.7521 66.843C31.0312 66.7835 31.4546 66.2914 31.5399 65.981C31.5823 65.8272 31.7623 65.1211 31.9853 65.1425C32.0989 65.1535 32.0428 65.7594 32.1414 66.0009C32.481 66.8329 32.4648 67.2553 33.4546 66.9619C33.6635 66.8999 34.0536 66.7486 34.1562 67.0294C34.2179 67.1982 34.174 67.1194 34.2689 67.2802L34.5657 72.2923L36.1337 75.774C36.4768 76.4382 36.5548 76.8497 36.9923 77.4958C37.2798 77.9204 37.2635 78.137 37.7105 78.5743C37.9187 78.778 38.1303 79.1204 38.3768 79.3895C38.4521 79.4718 38.5105 79.5604 38.5848 79.6445L43.8673 84.8104L50.5049 88.4217C50.5423 89.4427 50.7197 88.7426 51.1025 89.1695C51.4088 89.511 51.1507 90.0058 51.5414 90.4622C51.6453 90.5836 51.6832 90.7214 51.8862 90.9439C52.2108 91.2994 52.6994 91.156 53.2008 91.5634C53.465 91.7781 53.6388 91.8231 53.8984 92.1584C54.2185 92.572 54.6044 92.8852 54.9402 93.3689C55.4133 94.0505 56.1495 94.768 56.697 95.4218C56.9727 95.751 56.6619 96.3445 56.423 96.578C56.3548 96.6447 56.1607 96.8966 56.1224 96.9723L53.8389 100.405L55.5286 102.284L55.209 104.292C55.3563 105.075 55.3326 105.387 55.3752 106.122C55.4251 106.986 56.1182 106.95 56.7083 107.361C56.8076 107.43 58.7949 108.145 59.021 108.2C59.6553 108.355 59.6011 108.193 60.0475 107.584C60.2631 107.289 60.446 106.913 60.5016 106.549C60.5449 106.265 60.8132 105.122 61.2415 105.283C61.5522 105.399 61.4874 105.477 61.9596 105.545C62.6109 105.637 62.836 105.614 63.4832 105.604C63.9885 105.596 63.9648 106.118 64.2161 106.597C64.799 107.707 64.1854 107.525 64.1287 108.484C64.1076 108.842 64.3088 109.23 64.6238 109.402C65.441 109.846 65.2763 110.098 65.2871 110.968C65.2906 111.254 65.3023 111.56 65.3023 111.839C65.3023 112.524 65.2825 114.322 65.9226 114.745C66.0952 114.859 66.5502 114.837 66.6837 115.272C66.7819 115.592 65.9035 115.886 65.8199 116.714C65.768 117.228 65.9933 117.504 66.4241 117.72C66.7772 117.896 67.3054 118.054 67.6341 117.768C67.8447 117.585 67.9846 117.664 68.3022 117.275C68.6895 116.8 69.0611 116.465 69.6475 116.778C69.9334 116.93 70.3184 116.815 70.4213 117.223C70.5759 117.837 71.2288 117.478 71.4348 118.165C71.4743 118.297 71.2988 118.888 71.199 119.057C70.8985 119.565 69.7581 120.233 69.7158 120.371C69.6404 120.617 69.7572 120.599 69.8924 120.867C70.1327 121.343 70.5189 121.534 70.6762 122.108C70.808 122.589 71.424 122.658 71.8293 122.515C72.306 122.346 72.4941 122.34 73.0016 122.077C73.479 121.83 73.5719 121.762 74.0024 121.447C74.4503 121.12 75.4519 120.758 75.7583 121.443C76.1072 122.224 76.0696 122.331 76.5908 122.986C76.9563 123.445 78.1517 123.855 78.6839 123.952C79.1112 124.091 79.3865 124.137 79.78 124.326C79.9481 124.406 80.1023 124.402 80.3432 124.536C81.2739 125.055 81.4241 124.325 81.4241 125.99C81.4241 126.747 81.4233 127.702 81.2566 128.433C81.2239 128.578 81.0468 129.946 81.0448 130.066C81.0345 130.676 80.8196 130.927 81.0536 131.674C81.2366 132.258 81.7494 132.11 82.1483 132.544C82.7423 133.19 82.3335 133.19 82.0788 133.879L80.2672 137.069L85.0626 137.053L85.3214 140.68L84.0731 143.547L87.2396 146.251L87.3004 143.174L89.9037 143.191C89.7399 144.262 89.5837 145.854 90.1903 146.803C90.2042 146.825 90.7487 148.01 90.7523 148.023C90.8545 148.39 91.2243 148.947 91.3234 149.446C91.3685 149.673 91.468 149.936 91.5022 150.219C91.5531 150.64 91.5621 150.934 91.7153 151.336L93.2072 151.271L96.0085 157.409L97.1654 164.178L97.409 169.749L97.6982 172L111.582 166.316L109.969 162.073L112.009 161.182C112.095 160.783 112.093 160.555 112.028 160.166C111.973 159.843 111.549 159.313 111.307 159.103C110.973 158.813 110.851 158.685 110.548 158.381C110.042 157.871 109.803 157.752 109.254 157.355C108.817 157.038 108.832 156.508 108.705 155.985C108.507 155.171 108.547 154.795 107.983 154.103C107.767 153.838 107.565 153.645 107.308 153.435C106.973 153.16 106.509 152.511 106.513 152.051C106.52 151.22 106.598 151.162 106.722 150.404C106.762 150.16 106.814 149.625 106.619 149.452C105.973 148.878 105.357 149.446 104.704 148.63L104.625 148.518C104.218 147.815 104.243 147.848 104.172 147.028C104.093 146.11 104.097 145.958 103.698 145.135C103.493 144.714 103.021 144.711 102.752 143.88C102.575 143.332 102.474 142.859 102.492 142.272C102.5 142.025 102.585 141.809 102.585 141.506L112.785 141.668C113.424 142.983 112.94 142.85 113.134 143.921C113.274 144.693 113.938 145.206 114.058 145.977C114.095 146.213 114.391 147.117 114.687 147.11C115.854 147.082 114.691 145.517 116.012 145.101C116.533 144.938 116.919 144.908 117.431 144.676C118.005 144.416 118.446 144.265 118.81 143.666C119.076 143.227 119.407 142.19 119.028 141.751C118.964 141.676 118.886 141.543 118.874 141.442L113.333 136.891C112.842 136.226 112.86 135.996 112.587 135.263C112.41 134.788 112.326 134.275 112.314 133.768C112.307 133.462 112.043 132.226 111.922 131.917C111.601 131.094 111.46 130.753 111.011 130.004C110.785 129.627 110.634 129.429 110.409 129.002C110.295 128.786 109.685 128.062 109.494 127.881C109.307 127.705 108.961 127.141 108.667 126.863C108.206 126.426 107.072 125.042 106.862 124.467C106.748 124.156 106.563 123.854 106.421 123.547C106.383 122.706 106.485 121.441 106.071 120.685C105.915 120.399 105.924 120.177 105.706 119.786C105.521 119.454 105.29 118.959 105.111 118.602C104.913 118.207 104.89 118.131 104.652 117.741C104.426 117.372 104.486 117.411 104.178 117.065C103.866 116.714 103.138 116.074 103.525 115.548C103.862 115.091 104.076 114.434 103.847 113.875C103.639 113.366 103.745 113.552 103.436 113.08C103.317 112.898 103.1 112.309 103.103 112.06C103.111 111.359 103.33 111.315 103.879 111.029C104.834 111.201 104.963 110.883 105.747 110.79C106.917 110.652 106.777 111.808 107.179 112.162C107.403 112.36 107.775 112.822 107.818 113.137C107.904 113.773 107.647 113.697 108.081 114.185C108.277 114.406 108.231 114.423 108.508 114.656C109.128 115.177 108.705 115.084 109.554 115.466C109.85 115.599 110.474 115.921 110.715 115.627C110.747 115.587 110.433 115.221 110.364 115.099C109.929 114.322 109.324 114.397 109.507 113.134C109.625 112.313 109.923 111.688 110.009 110.782C110.037 110.487 110.06 110.244 110.06 109.944C110.199 109.131 110.12 108.938 110.15 108.194C110.161 107.925 110.227 107.79 110.227 107.405C110.227 107.124 110.206 106.934 110.212 106.639C110.223 106.137 109.448 105.209 110.166 104.635C110.258 104.562 110.995 104.699 111.165 104.697C111.732 104.691 112.082 104.615 112.673 104.633C113.699 104.666 114.011 104.338 114.874 103.905C115.445 103.618 116.381 102.693 117.013 102.792C117.766 102.909 118.355 102.602 118.688 101.874C118.837 101.546 119.099 101.105 119.485 101.162C120.205 101.27 120.645 100.472 121.195 100.532C121.465 100.562 120.969 101.235 120.842 101.357C120.468 101.715 120.211 101.869 119.847 102.173C119.582 102.395 119.383 102.825 119.378 103.18C119.37 103.752 118.402 104.849 118.585 105.96C118.707 106.698 119.332 105.541 119.85 105.806C120.053 105.91 119.972 106.155 120.047 106.423C120.229 107.078 119.743 107.971 120.336 108.389C120.399 108.434 120.71 108.488 120.933 108.621C121.232 108.799 121.66 108.636 122.123 108.728C122.791 108.86 123.091 109.092 123.704 109.262C123.932 109.326 124.058 109.415 124.248 109.555C124.884 110.173 124.742 109.856 125.286 110.169C126.116 110.646 125.698 111.039 125.942 111.269C126.148 111.463 126.748 110.993 126.987 110.878C127.441 110.658 127.439 110.628 127.842 110.352C128.537 109.875 129.211 110.034 129.669 109.458C129.822 109.266 129.699 108.765 130.277 108.162C130.811 107.606 130.649 107.377 130.501 106.718C130.498 106.702 130.171 105.849 130.17 105.847C129.573 105.131 129.787 105.247 129.397 104.603C129.004 103.955 129.062 103.746 128.819 103.134C128.673 102.766 129.075 102.398 129.44 102.365C129.803 102.332 130.538 102.266 130.779 101.966C131.061 101.615 130.954 101.08 130.703 100.729C130.586 100.565 130.173 99.8941 130.203 99.7146C130.277 99.2762 130.799 99.3728 130.277 98.5122C129.97 98.006 129.789 97.4833 130.319 97.0922C130.94 96.6338 130.983 95.8184 131.47 95.4324C131.793 95.1756 132.108 95.575 132.399 95.7036C132.871 95.9121 134.221 96.811 134.414 97.292C134.671 97.9331 133.745 98.877 135.127 99.2825C135.91 99.5122 136.416 99.6293 137.154 100.034C137.956 100.474 138.275 100.288 139.073 99.9155C139.594 99.672 140.08 99.3206 140.599 99.0452C141.712 98.7828 142.02 98.7658 143.126 98.8791C143.573 98.9248 144.018 98.8251 144.096 98.2896C144.159 97.8617 144.079 96.6116 144.59 96.4824C145.147 96.3413 145.752 96.1049 146.335 95.9479C146.8 95.8227 148.024 95.267 148.328 94.9262C148.754 94.4497 148.366 94.1074 148.136 93.5095C148.067 93.3326 147.848 93.0901 147.708 92.7294C147.412 91.9665 147.47 91.4704 147.362 90.6769C147.317 90.3493 147.504 89.9314 147.738 89.7335C148.473 89.5604 149.03 89.2848 149.743 89.0653C150.348 88.8791 151.225 88.1787 151.677 88.7188C152.226 89.3725 152.618 89.5574 153.324 89.9468C153.457 90.0201 153.587 90.1476 153.721 90.2193L154.375 90.4621Z"
    }
  },
  {
    "model": "website.city",
    "pk": 2,
    "fields": {
      "city_name": "Lviv",
      "map_svg": "M212.812 45.9037C212.756 45.8617 212.283 45.694 212.28 45.6925C211.955 45.4656 211.403 45.392 211.106 45.27C210.646 45.0812 209.895 45.0406 209.658 44.9178C209.092 44.6237 208.584 44.3124 208.003 44.0298C208.039 43.8081 208.057 43.5672 208.064 43.2961C208.074 42.8402 208.002 42.3556 208.027 41.9304C208.05 41.5481 208.435 40.8719 208.29 40.6848C208.126 40.4746 208.077 40.0622 208.082 39.8029C208.09 39.4332 207.932 39.0745 208.194 38.8845C207.56 38.8845 206.321 38.452 205.741 38.5575C205.115 38.6718 205.137 38.7341 204.375 38.729L198.285 32.9541C197.859 33.1846 197.771 33.378 197.536 33.7626C196.857 34.8761 196.748 34.272 197.362 35.3265C197.41 35.4094 197.723 36.6318 197.72 36.7265C197.707 37.1313 197.953 37.5619 197.833 37.8503C197.611 38.3818 196.842 38.3242 196.4 38.3242C195.419 38.3945 195.336 38.1955 194.224 38.4474C192.371 38.8673 193.908 37.1771 192.964 36.7158C192.9 36.6847 192.075 36.5763 192.037 36.5842C191.599 36.6756 191.278 37.2959 190.931 37.5379C190.729 37.6791 188.44 38.042 188.057 38.0732C187.32 38.1332 186.315 38.3736 185.632 38.3961C185.007 38.4167 184.859 38.6455 184.433 38.961C183.719 39.4903 183.413 39.3337 182.648 39.2734C181.652 39.1947 180.604 39.1237 179.621 38.9464C178.997 38.8339 178.449 38.9693 178.433 38.3311C178.42 37.797 178.764 36.7507 178.774 36.2742C178.776 36.1918 178.848 35.075 178.853 35.0518C178.996 34.329 178.406 33.7803 177.775 33.4732C177.172 33.1799 177.423 33.2127 176.548 32.9189C176.471 32.8307 176.276 32.6004 176.188 32.536C175.643 32.1377 175.571 31.9725 174.917 31.688C174.315 31.4259 173.25 31.3686 173.268 30.7106C173.288 29.9544 172.271 30.3052 171.852 30.4953C171.337 30.7284 170.737 30.6157 170.208 30.4555C169.616 30.2759 168.827 30.2847 168.515 29.7598C168.367 29.5116 168.425 25.6536 168.462 25.0648C168.508 24.3231 167.584 24.5252 167.654 24.2197C167.859 23.3234 168.745 23.2689 168.493 22.3328C168.344 21.7781 168.151 21.4423 167.781 20.964C167.829 20.8353 167.845 20.3703 167.941 20.0515C168.091 19.5518 168.551 19.3701 168.344 19.1635C167.859 18.6816 167.11 19.868 166.725 19.8548C166.183 19.8362 166.43 19.9711 165.973 20.1732C165.04 20.5859 165.021 19.3963 164.861 19.1742C164.328 18.4369 165.059 17.8904 164.821 17.174C164.559 16.3828 164.416 15.4754 163.948 14.8001C163.515 14.1764 163.409 13.7556 163.087 13.1185C162.742 12.4368 162.815 12.7685 162.448 12.3574C162.209 12.0897 161.134 11.8169 160.785 11.8071C160.739 11.8057 159.748 11.717 159.743 11.7159C159.422 11.6307 159.053 11.9596 158.944 12.1782C158.717 12.6333 158.75 12.7091 158.336 13.1305C157.329 14.1553 156.053 13.8087 154.792 13.4635C154.482 13.1938 154.089 12.8159 153.767 12.5963C153.304 12.2797 152.416 11.2792 152.119 11.1073C151.484 10.7386 151.885 10.4305 151.563 10.1122C151.032 9.58768 151.984 8.9563 152.224 8.46175C152.519 7.85526 152.541 7.98742 152.154 7.73828C151.902 7.57631 151.595 7.56313 151.439 7.47583C150.681 7.05167 150.783 6.5486 150.427 5.9324C150.353 5.80437 150.123 5.0049 149.945 5.206C149.607 5.58717 149.321 5.79066 148.891 6.07174C148.276 6.47274 147.101 6.70045 146.375 6.50281C145.983 6.39621 145.344 6.25075 145.056 6.59092C144.922 6.74916 144.709 7.96786 144.517 8.31628C144.109 9.05679 144.414 9.05027 143.703 9.75151C143.594 9.64544 143.447 9.57184 143.238 9.55427C142.495 9.49199 142.409 9.43263 141.717 9.26946C140.766 9.04548 139.888 9.31738 139.057 8.67682C138.748 8.43859 137.893 8.18293 137.483 8.08977C136.987 7.97704 136.29 7.92886 135.951 7.48262C135.626 7.05407 135.575 6.98912 135.122 6.56257C135.051 6.49643 135.023 6.44 134.966 6.3644C134.495 5.73463 134.61 5.3532 134.294 4.76521C134.135 4.46975 133.165 4.08406 132.812 4.01566C132.177 3.89268 131.68 3.5742 131.654 2.91341C131.605 1.67622 130.542 1.81317 130.559 1.31422C130.583 0.597271 129.638 0.838428 129.541 0.488271C129.464 0.205458 128.863 0.354783 128.639 0.413342C127.799 0.633471 128.531 -0.539839 127.362 0.318317C126.781 0.744334 126.541 1.18752 126.053 1.67236C125.841 1.88304 125.585 1.97554 125.282 1.85003C124.836 2.57883 124.805 3.63396 125.215 4.3521C125.631 5.08236 125.246 6.24556 124.957 6.97541C124.514 7.78206 124.629 8.60495 124.673 9.4856C124.693 9.88167 124.712 10.1594 124.712 10.5672C124.712 12.3603 124.352 12.9781 124.027 14.6067C123.784 15.8246 123.23 16.7228 122.897 17.8257C122.66 18.6124 122.466 19.5788 122.186 20.3213C121.901 21.1951 121.157 22.6229 120.684 23.477C120.215 24.3235 120.151 24.8717 119.848 25.7441C119.481 26.8004 118.538 26.4478 117.944 26.8579C116.971 27.5294 117.37 28.0985 117.077 29.0295C116.993 29.2957 117.067 30.2252 116.621 29.9975C115.97 29.6654 115.654 29.769 114.984 29.666C114.547 29.5986 113.358 29.7698 112.885 29.7599C112.738 29.7569 110.899 29.9103 110.728 29.9391C110.272 30.0159 109.095 30.1159 108.657 30.1106C107.244 30.0936 105.075 30.1951 103.748 30.6036C103.226 30.6036 102.655 30.6273 102.15 30.6212C101.056 30.608 100.256 30.768 99.2137 30.8899C97.9505 31.0376 95.1455 31.8466 94.0006 32.4332C92.8814 33.0066 91.9022 33.4208 91.3111 34.5208C90.7509 35.5629 90.3495 37.1931 90.2301 38.3505C90.2382 38.5253 90.2215 38.7755 90.2111 38.9532C90.1545 39.9197 89.6438 40.4989 88.6211 40.6982C87.5687 40.9035 86.9684 41.1304 85.9833 41.5021C85.2445 41.7809 85.5592 43.4991 84.593 43.7337C83.8305 43.9188 83.0397 44.2947 82.7895 45.0572C82.5651 45.7414 82.167 46.2568 81.8896 46.8778C81.6878 47.329 81.1144 48.2137 80.656 48.4683C79.9819 48.8426 79.5534 49.123 78.9307 49.5469C78.2352 50.0202 77.5523 50.4293 76.8633 50.9041C76.6874 50.9843 76.6367 51.0107 76.4829 51.1284C75.1597 52.1419 74.3305 53.1573 72.782 53.9395C72.0375 54.3155 71.0006 54.5698 70.491 55.1252C69.4176 56.295 69.3932 57.286 67.781 58.2637C66.842 58.8332 66.0178 59.5195 65.2532 60.284C64.7815 60.7555 63.9682 61.2483 63.622 61.6602C63.2229 62.1354 62.7613 62.3503 62.3276 62.7343C61.719 63.2733 61.4711 63.6114 60.7629 64.0915L60.6073 64.269C60.3053 64.5846 59.9902 64.9716 59.7039 65.2566C59.4491 65.5102 57.9707 67.3856 57.8456 67.4338C57.437 67.5912 56.7913 68.0712 56.5916 68.4197C55.7889 69.8208 54.8745 68.6161 54.7488 70.1669C54.6633 71.2215 53.8513 71.3951 53.3128 72.2303C53.2102 72.3894 52.5145 73.2777 52.5102 73.2867C52.3573 73.6097 51.9322 74.0982 51.7701 74.3738C51.6164 74.6352 51.2068 74.9724 51.0332 75.1791C50.6263 75.6636 50.144 75.5599 49.9429 75.653C49.186 76.0039 49.1115 75.9963 49.2815 76.8563L49.247 77.0092C49.1234 78.2923 48.8614 78.5552 47.9946 79.449C47.7286 79.7234 47.3466 80.2093 47.1059 80.439C46.5985 80.923 46.2872 81.4107 45.8406 81.8964C45.3257 82.4561 44.2935 83.4673 44.0027 84.1586C43.8409 84.5428 43.2125 85.0957 42.9706 85.4599C42.5126 86.1496 42.3112 86.3965 41.533 86.8041C41.1797 86.9891 41.1438 87.1861 40.9674 87.3851C40.8438 87.5243 40.1023 88.9253 40.0107 89.1397C39.8106 89.6079 39.5621 89.7184 39.2689 90.0728C38.9707 90.4336 38.9234 90.557 38.5353 90.9593C37.8265 91.5104 37.2218 92.4752 36.5886 93.0589C35.7571 93.8256 35.3049 94.4028 34.5966 95.2332C34.0629 95.859 33.5882 96.6053 33.0868 97.1996C32.7704 97.5746 32.46 98.0355 32.163 98.3847C31.9531 98.6316 31.1005 99.9163 30.9688 100.193C30.716 100.724 30.521 100.819 30.2039 101.235C29.2503 102.488 28.2524 101.242 27.7564 102.72C27.5489 103.339 27.3093 103.855 27.0915 104.464C27.0035 104.768 26.964 105.029 26.9596 105.341C26.9459 106.311 27.4264 106.665 26.1678 107.034C25.6978 107.172 24.8925 107.532 24.6251 107.929C24.2667 108.462 23.568 109.544 23.1077 109.962C22.6602 110.369 22.468 110.53 22.072 110.982C21.6776 111.433 22.2025 112.754 21.3759 113.318C21.0234 113.559 20.6326 113.694 20.1914 113.986C19.9822 114.124 19.5387 114.665 19.4938 114.688C19.2833 114.798 18.9711 115.226 18.8292 115.344C18.4122 115.691 18.1515 116.238 17.9792 116.722C17.7469 117.376 18.058 117.355 17.42 118.073C17.1752 118.364 17.1762 118.446 16.8447 118.747C16.3049 119.238 15.7192 120.179 14.8889 119.94C14.1302 119.721 13.1751 120.654 12.9707 121.269C12.8227 121.716 12.2461 122.416 12.234 122.763C12.2103 123.437 12.117 123.954 11.978 124.619C11.7546 125.688 10.8857 125.837 10.3534 126.602C10.1371 126.913 9.72624 127.345 9.44037 127.603C8.79538 128.187 8.75775 128.515 8.29531 129.065C7.9054 129.528 7.50524 129.979 7.1625 130.473C6.98323 130.731 6.77659 131.095 6.57964 131.384C6.57608 131.39 5.00606 133.359 4.9254 133.438C4.46082 133.895 4.0226 134.712 3.64025 135.117C3.32958 135.445 3.07221 136.063 2.97873 136.49C2.82182 137.208 2.83322 137.581 2.57642 138.29C2.44945 138.641 1.85148 139.189 1.50817 139.338C0.858191 139.62 0.543245 139.769 0 140.223C0.15733 141.407 0.304542 141.781 0.797481 142.823C1.41782 144.133 1.65481 144.27 3.1342 144.622C3.69597 144.755 4.25119 144.567 4.47379 144.997C4.69183 145.418 4.73159 145.516 4.85899 145.98C5.21811 147.288 5.31374 148.652 5.68683 150.032C5.76293 150.314 6.07773 151.962 6.09996 152.01C6.39609 152.776 6.41533 153.474 6.85412 154.229C6.99235 154.467 7.50282 156.265 7.65174 156.682C7.81306 157.133 7.84384 157.214 8.07471 157.652C8.38794 158.245 8.91893 159.609 8.9091 160.259C8.90055 160.825 8.92891 161.241 8.83841 161.822C8.72982 162.52 8.60741 163.217 8.60741 163.923C8.60741 164.386 8.6208 164.561 8.68279 165.022C8.71514 165.505 8.86207 165.84 8.89171 166.235C8.99061 167.548 8.55382 169.031 8.58859 170.412C8.59159 170.529 8.52547 171.806 8.50822 171.916C8.31555 173.152 8.89513 175.227 7.47617 175.954C6.81592 176.292 6.37272 176.849 6.17207 177.536C6.15325 177.6 6.14243 177.736 6.13772 177.804L6.82904 178.778C7.05919 178.679 7.27309 178.651 7.4347 178.755C7.55042 178.83 7.96654 178.938 8.21579 179.065C8.69063 179.307 8.69291 179.457 8.3241 179.946C7.86935 180.549 7.1407 180.723 6.86438 181.456C6.63223 182.073 5.27682 183.492 5.56997 184.026C5.75993 184.371 5.82919 184.318 6.01588 184.803C6.35704 185.688 7.17049 184.808 7.43156 184.313C7.55683 184.075 7.79881 183.63 8.00787 183.474C8.20582 183.326 9.16148 182.982 9.37339 183.349C9.54939 183.653 9.24556 183.862 9.02923 184.146C8.92035 184.289 8.58888 184.656 8.54385 184.794C8.18629 185.893 8.42998 186.337 9.43638 186.87C10.4042 187.383 12.464 186.116 12.5972 186.678C12.6904 187.072 12.7747 186.955 12.6587 187.435C12.5776 187.771 13.1678 187.888 13.2179 188.734C13.2697 189.609 14.1855 189.231 14.9146 190.145C15.2066 190.511 15.076 190.629 15.5965 190.998C16.0438 191.315 15.9419 192.233 17.0055 191.982C17.3489 191.901 18.4793 191.651 18.4793 192.201C18.4793 192.89 18.1934 193.159 19.2474 193.311C19.7697 193.387 19.5216 193.353 19.9735 193.511C20.477 193.686 21.2135 193.396 21.4532 194.294C21.5589 194.69 20.8304 195.81 20.3868 195.899C19.8364 196.01 19.524 196.722 19.422 197.172C19.1585 198.334 19.3828 198.07 19.7583 198.946C20.0271 199.572 18.9222 200.357 19.5961 200.618C19.9156 200.742 20.138 201.156 20.129 201.499C20.1181 201.917 20.1952 202.358 20.5576 202.637C20.7315 202.771 20.7767 202.933 21.056 203.085C21.2976 203.215 21.7413 204.057 21.7313 204.329C21.7185 204.679 21.7423 204.791 21.7224 204.96C21.9119 205.185 22.3856 205.755 22.631 205.976C22.7192 206.056 23.1198 206.713 23.1621 206.859C23.3042 207.35 23.3618 207.371 23.3458 207.919C23.3322 208.39 24.1151 209.623 23.1951 209.848C22.9291 209.913 22.94 209.329 22.1483 209.659C21.5546 209.907 21.3303 210.033 20.8572 210.435C20.547 210.699 19.9498 210.865 19.8457 211.362C19.5859 212.6 19.4502 212.66 20.0875 213.866C20.2523 214.177 20.6127 214.513 20.7834 214.938C20.9159 215.268 20.9873 215.393 21.0835 215.751C21.4837 217.43 22.0219 217.551 23.4368 218.352C24.3172 218.851 24.1516 219.332 25.5215 219.765C26.3635 220.031 26.2287 220.439 27.5139 220.791C28.3118 221.009 28.0322 221.602 28.128 222.145C28.2671 222.934 28.2501 223.43 28.5067 224.279C28.8577 225.441 28.9935 225.389 30.0574 226.011C30.65 226.357 30.772 226.431 31.3206 225.911C31.508 225.734 31.7526 225.248 31.9917 224.965C32.3785 224.506 32.4822 224.407 33.0503 224.465C33.5622 224.516 34.0535 224 34.5649 224.184C34.7752 224.26 35.4249 224.488 35.6002 224.449C36.3528 224.281 36.4448 223.716 37.6234 223.551C37.74 223.534 37.8236 223.524 37.9379 223.498C38.4364 222.737 38.538 222.604 39.429 222.752C39.8055 222.815 39.8554 223.157 40.1578 223.269C40.7104 223.473 40.7094 223.719 41.5921 223.956C41.9517 224.052 42.5542 224.384 42.3684 224.824C42.1225 225.407 41.9028 225.514 42.7299 225.929C42.8505 225.99 43.101 226.07 43.2357 226.121C44.1667 226.594 44.142 226.462 44.6022 227.255C45.0816 228.081 44.6595 228.413 45.6488 229.189C46.1077 229.549 45.9324 230.905 46.2898 231.586C46.7968 232.553 46.3648 232.517 47.3784 233.51C47.7428 233.867 48.2165 234.904 48.3825 234.995C48.6355 235.134 49.4457 234.645 50.0917 234.984C50.5651 235.233 51.8335 235.097 52.4009 235.085C52.8428 235.075 54.1076 234.833 54.395 234.501C54.7144 234.131 54.9777 232.815 55.6156 233.175C55.9806 233.382 56.2311 233.515 56.4892 233.861C56.7629 234.227 56.5899 234.274 57.1534 234.661C57.2922 234.756 57.6295 234.949 57.7336 235.065C58.3197 235.585 58.5906 235.87 59.4098 235.704C59.776 235.63 59.7488 235.759 60.1705 235.453C60.5403 235.184 61.3181 234.761 61.6172 234.476C61.7187 234.379 62.1619 233.908 62.3008 234.057C62.4007 234.164 62.5035 234.101 62.6229 234.433C62.7697 234.841 62.826 234.623 62.8442 235.232C62.8508 235.451 63.1379 235.954 63.2133 236.308C63.4688 237.509 63.6126 237.102 64.5394 237.808C65.0028 238.16 64.9861 238.656 65.6328 238.38C66.4242 238.042 66.7236 238.826 67.4018 239.009C67.7792 239.111 68.1483 239.446 68.7296 239.411C69.259 239.38 70.7421 239.284 71.1019 239.674C71.6985 240.319 72.1274 239.831 72.9585 239.693C73.8264 239.549 74.5408 238.104 75.1208 238.446C75.4444 238.637 75.4253 238.519 75.8306 238.845C76.5408 239.415 77.2298 239.322 78.0569 239.273C77.9458 237.681 78.2425 237.558 78.5989 236.16C78.6871 235.814 78.9673 234.911 79.144 234.63C79.4093 234.207 80.2377 233.159 80.2613 232.737C80.303 231.983 80.2412 231.539 79.8416 230.884C79.5956 230.48 79.7555 229.816 79.207 229.198C78.9849 228.948 78.3863 227.786 78.607 227.512C78.8447 227.217 79.32 227.176 79.4004 226.579C79.4156 226.466 79.4752 226.199 79.5275 226.104C79.565 225.142 79.9205 225.46 80.0429 224.743C80.1461 224.14 79.4395 224.226 80.0807 223.221C80.4937 222.573 80.1329 221.938 81.0077 221.686C81.259 221.613 82.0135 221.323 82.2283 221.174C82.6038 220.913 82.6745 220.728 82.9416 220.367C83.3766 219.779 82.2441 219.96 81.8809 219.912C80.8772 219.781 80.7878 219.783 80.2299 219.01C80.0986 218.828 79.8128 217.99 79.7602 217.745C79.6258 217.117 78.9525 217.037 79.2651 216.122C79.3927 215.749 79.3282 215.751 79.5463 215.319C79.7384 214.939 79.6981 214.748 79.9989 214.31C80.2747 213.909 80.4633 213.283 80.6618 212.897L80.6963 212.846C80.9293 212.005 80.9147 211.954 81.012 211.159C81.0475 210.869 80.8683 210.665 80.7843 210.402C80.711 210.172 80.4853 210.168 80.2595 209.905C80.0496 209.661 79.533 209.502 79.4569 208.92C79.382 208.345 80.114 208.464 80.6651 207.898C81.1123 207.439 81.4146 207.093 81.807 206.601C82.2683 206.024 82.9542 205.674 83.4867 205.169C84.2821 204.416 84.5415 204.323 84.3662 203.216C84.2797 202.67 84.9035 202.548 85.3531 202.159C85.6887 201.867 86.0438 202.011 86.1104 202.436C86.2013 203.015 87.0083 202.737 87.3326 202.442C87.914 201.913 87.973 202.571 88.6777 201.231C89.0036 200.611 89.0464 200.792 89.1269 200.008C89.1543 199.74 89.2366 199.649 89.3122 199.412C88.9221 198.003 89.3398 198.629 89.8369 197.667C90.1739 197.015 88.8138 197.115 89.4753 196.08C89.7595 195.635 89.8473 195.517 89.8762 195.022C89.9054 194.518 91.3443 192.381 91.9376 193.266C92.3537 193.886 93.1341 194.278 93.6672 193.55C93.9923 193.106 94.0242 193.281 94.3745 192.64C94.4989 192.413 94.6994 192.147 94.982 192.124C95.5667 192.077 95.5653 190.854 96.3508 190.818C96.912 190.793 96.3413 191.669 97.9183 191.175C98.6841 190.935 98.5868 191.257 98.9034 191.699C99.097 191.969 98.903 192.008 99.4173 192.404C100.005 192.858 100.428 192.04 100.83 192.312C101.271 192.611 101.537 191.865 102.27 191.876C103.311 191.892 103.978 192.176 105.008 192.176C106.879 192.176 106.024 192.596 106.94 192.933C107.919 193.184 107.69 193.266 108.357 193.497C109.092 193.752 109.155 192.382 110.011 192.004C110.917 191.605 111.127 190.771 111.577 190.59C112.211 190.335 112.207 190.553 112.746 190.008C112.933 189.82 114.289 188.691 114.523 188.882C115.225 189.454 117.184 189.55 117.604 190.044C118.124 190.655 117.828 191.565 119.155 191.172C119.432 191.09 120.229 190.231 120.382 189.984C120.656 189.54 120.59 189.412 120.985 188.867C122.148 187.261 121.63 188.169 122.762 187.931C123.026 187.875 124.226 187.648 124.415 187.681C125.315 187.838 125.301 188.558 126.528 188.355C126.579 188.349 128.804 188.083 128.875 188.16C128.963 188.255 129.142 188.705 129.172 188.832C129.297 189.369 130.291 190.571 130.934 189.848C130.962 189.818 131.15 189.313 131.409 189.006C131.568 188.819 132.119 188.064 132.396 188.131C132.711 188.206 132.563 188.649 133.497 188.852C133.641 188.884 134.105 189.718 134.754 189.531C135.063 189.443 135.137 189.212 134.771 189.018C134.479 188.863 134.018 188.434 134.35 188.108C134.569 187.894 134.841 187.327 134.996 187.332C135.328 187.344 135.556 188.38 137.326 187.843C138.393 187.519 138.486 187.128 139.249 186.428C139.813 185.911 140.51 184.966 141.404 185.056C142.278 185.145 142.541 184.896 143.323 184.552C144.095 184.212 144.538 183.945 145.403 183.689C145.602 183.63 145.935 183.497 146.116 183.478C147.877 183.616 147.087 183.16 148.246 182.843C148.805 182.689 148.845 182.919 149.345 182.838C149.746 182.773 150.439 182.743 150.692 183.104C150.706 183.122 151.738 184.376 151.744 184.38C152.386 184.859 152.463 185.148 153.436 184.781C153.777 184.652 154.633 184.285 154.488 183.865C154.402 183.616 154.48 182.897 154.378 182.421C154.247 181.803 155.306 181.667 154.449 180.949C153.806 180.411 154.936 179.888 154.52 179.459C154.258 179.189 154.255 178.603 154.65 178.378C154.966 178.197 155.135 177.573 155.118 177.23C154.724 177.316 154.329 177.343 153.977 177.168C153.681 177.021 152.851 177.187 152.546 177.276C151.214 177.66 151.313 177.534 149.933 177.556C149.756 177.559 149.089 177.38 148.904 177.308C148.365 177.096 147.791 177.216 147.343 176.783C146.939 176.392 146.955 176.48 146.574 176.205C146.79 175.39 146.907 175.345 146.889 174.569C146.883 174.287 147.604 173.764 147.642 173.206C147.642 173.2 147.908 172.374 147.945 172.138C147.985 171.875 148.061 171.306 147.777 171.166C146.6 170.589 146.978 169.265 145.871 170.317C145.405 170.759 143.884 171.556 143.217 171.576C143.081 171.58 143.169 171.446 143.041 171.247C142.821 170.905 142.815 169.544 142.887 169.134C142.976 168.629 142.675 167.324 143.018 167.085C143.037 167.071 143.542 167.124 143.631 167.161C144.017 167.321 144.23 167.253 144.719 167.473C145.451 167.803 146.529 167.087 146.924 166.547C147.084 166.329 147.358 166.183 147.558 166.433C147.731 166.648 148.273 166.482 148.81 167.192C149.369 167.929 149.734 167.536 150.059 166.848C150.266 166.413 150.341 166.394 150.264 165.906C150.523 165.092 150.735 165.194 151.181 164.621C151.771 163.863 151.236 164.242 150.922 163.716C150.761 163.447 151.373 162.927 151.219 162.331C151.112 161.919 151.299 161.233 151.701 160.996C151.978 160.833 152.151 160.601 152.559 160.434C153.586 160.013 153.526 159.695 153.051 158.861C152.771 158.37 152.828 158.649 152.641 158.022C152.487 157.505 151.897 157.531 151.444 157.356C150.772 157.095 150.149 157.379 150.147 156.566C150.147 156.442 150.331 156.039 150.32 155.624C150.303 154.923 149.432 155.014 149.414 154.571C149.405 154.375 149.283 154.257 149.283 153.808C149.283 153.721 149.283 153.634 149.283 153.547C149.105 152.778 148.965 153.106 148.265 152.848C147.958 152.735 147.624 152.509 148.099 152.329C148.657 152.117 148.897 151.851 149.337 151.576C149.69 151.355 150.472 151.509 151.079 151.363C152.505 151.021 151.858 151.34 152.276 149.924C152.429 149.407 152.92 148.168 152.653 147.677C152.436 147.278 152.128 146.577 151.998 146.156C151.876 145.759 151.444 145.322 151.558 144.768C151.703 144.065 152.538 143.655 153.167 143.399C153.329 143.333 153.474 143.249 153.62 143.159C153.81 143.012 154.797 142.444 154.788 142.133C154.776 141.712 154.816 141.611 154.694 141.187C154.441 140.301 154.254 139.098 155.316 138.599C155.91 138.319 155.481 139.121 156.278 139.127C156.781 139.13 156.973 138.81 157.546 138.735C158.8 138.57 158.273 138.403 159.388 139.092C159.651 139.253 158.921 139.8 159.308 140.34C159.463 140.555 159.689 140.989 159.615 141.259C159.417 141.977 159.755 142.749 160.653 142.3C162.125 141.565 162.445 142.522 164.172 140.689C164.48 140.363 164.556 140.134 165.144 140.028C165.887 139.893 166.228 140.554 166.784 140.927C167.27 141.254 168.002 141.853 168.405 142.28C168.587 142.473 169.363 142.856 169.671 142.883C170.844 142.984 170.295 142.741 170.981 143.453C171.211 143.691 171.851 144.279 172.193 144.318C173.096 144.419 173.402 143.131 174.301 143.867C174.957 144.404 174.999 144.289 175.82 144.425C175.95 144.446 176.01 144.47 176.13 144.514C177.102 144.947 176.928 144.673 177.866 144.673H177.977L178.895 144.73C178.895 144.7 178.89 144.695 178.9 144.664C178.994 144.38 178.956 142.845 178.883 142.557C178.625 141.553 179.291 140.794 179.079 139.89C178.964 139.402 179.251 138.716 179.498 138.281C179.658 138 179.665 137.582 179.538 137.279C179.117 136.277 179.024 136.408 179.103 135.17L185.022 134.905C185.191 134.743 185.422 134.303 185.47 134.078C185.574 133.587 186.076 133.143 186.639 133.202C187.177 133.259 187.118 133.169 187.535 133.127C188.036 133.076 188.178 132.464 188.51 132.98C188.979 133.709 189.123 132.869 189.084 132.617C188.951 131.77 188.812 131.764 189.8 131.735C190.242 131.721 190.685 131.538 190.966 131.582C191.446 131.659 191.281 131.206 191.699 131.05C192.101 130.9 192.11 130.94 192.483 130.645C193.155 130.114 193.326 131.513 193.707 131.526C194.479 131.553 194.23 131.675 194.722 131.767C195.802 131.969 194.421 130.572 194.57 130.345C194.786 130.016 195.667 130.445 196.207 130.153C196.669 129.904 197.047 130.776 197.423 130.635C197.985 130.423 197.301 129.73 197.501 129.552C197.544 129.514 198.479 129.407 198.557 129.446C199.357 129.842 199.312 128.814 199.525 128.474C200.221 127.364 199.023 126.963 199.539 126.595C200.292 126.059 200.558 127.338 201.217 127.031C202.191 126.577 201.95 125.002 202.252 124.523C202.739 123.752 202.473 124.425 202.593 123.355C202.584 123.025 202.776 121.592 202.856 121.222C203.047 120.333 203.009 119.611 203.126 118.751C203.201 118.199 203.267 118.169 203.478 117.702C203.781 117.031 204.721 116.078 204.929 115.459C205.266 114.457 205.593 115.367 206.252 115.399C207.071 115.438 207.148 116.22 207.525 116.512C207.536 116.521 208.489 117.499 208.53 117.55C208.713 117.776 209.067 117.524 209.192 117.356C209.229 117.306 209.812 116.718 209.894 116.634C210.449 116.07 210.943 115.317 211.648 114.951C212.007 114.765 212.887 113.901 212.798 113.595C212.695 113.242 212.341 112.279 211.985 112.127C211.373 111.866 211.646 112.109 210.888 111.524L210.722 111.388C210.312 111.121 209.784 110.548 209.53 110.425C209.154 110.243 209.412 109.857 209.671 109.684C210.202 109.329 211.025 109.824 210.846 108.17C210.772 107.486 209.737 103.761 210.334 103.458C210.671 103.287 211.175 104.153 211.947 104.281C212.293 104.339 213.414 104.696 213.584 104.692C214.056 104.683 214.272 104.673 214.749 104.785C215.551 104.973 215.232 103.711 215.712 103.38C216.062 103.138 215.895 103.166 216.104 102.989C216.9 102.316 217.859 102.827 218.102 102.606C218.774 101.991 218.808 102.483 219.578 102.61C219.959 102.673 219.952 102.705 220.263 102.778C220.692 102.878 221.861 103.542 221.917 103.548C222.371 103.594 222.322 103.578 222.785 103.708C223.034 103.778 223.829 103.604 223.941 103.508C224.343 103.162 223.758 102.862 224.708 102.439C225.13 102.052 225.778 102.102 226.065 102.604C226.187 102.817 226.612 103.179 226.837 103.25C227.659 103.512 227.988 103.149 228.205 102.443C228.5 101.481 228.068 101.73 228.855 100.713C229.227 100.233 229.595 100.346 230.076 100.286C231.574 100.1 231.252 99.5387 231.664 99.4104C232.463 99.1621 232.1 99.6095 233.168 99.0055C233.458 98.8416 234.508 98.7937 234.885 98.5476C235.571 98.0996 234.805 97.252 235.505 97.3373C236.127 97.413 235.982 96.4729 235.982 96.118C235.982 95.3908 236.236 95.0288 236.533 94.4216C236.705 94.0703 236.087 93.4957 235.828 93.3025C235.427 93.0033 235.421 92.3196 235.674 91.9965C236.16 91.3747 235.988 92.0618 236.472 90.9416C236.517 90.7762 236.544 90.8201 236.571 90.6C236.673 89.7779 237.865 89.8412 238.489 90.0245C238.865 90.1349 239.982 89.8633 239.999 89.5154C240.053 88.3992 237.976 88.8552 237.523 87.6753C237.311 87.1226 237.743 86.7095 237.982 86.3111C238.41 85.5953 238.22 85.4735 238.087 84.8099C237.989 84.3235 238.182 84.0839 237.902 83.7802C237.769 83.6369 236.472 83.3313 236.201 83.2696C235.755 83.1684 234.957 82.66 234.508 82.4919C233.869 82.2529 233.302 81.6943 232.777 81.2932L232.737 81.271C232.083 81.0457 231.981 80.9096 231.473 80.527C231.277 80.38 230.563 79.747 230.463 79.5692C230.121 78.9616 229.466 78.3794 229.168 77.8147C228.868 77.2451 228.979 77.3647 228.497 76.7154L221.465 67.4191C221.379 67.3152 221.297 67.1312 221.181 66.998C220.452 66.1664 220.256 65.0487 220.39 64.0034C220.456 63.7821 220.632 63.1653 220.668 62.9516C220.789 62.2426 221.092 61.956 220.445 61.3785C219.681 60.6968 221.948 60.239 221.405 59.2834C221.259 59.0261 219.465 57.483 219.182 57.3406C218.807 57.1513 218.635 56.9846 218.321 56.7892C217.95 56.5581 217.808 56.3126 217.562 56.1171C217.261 55.8777 217.167 54.7533 217.266 54.4607C217.454 53.8996 217.917 53.9501 218.203 53.8107C219.083 53.3826 218.874 52.8334 218.807 51.9957C218.976 51.4832 219.232 50.6257 219.917 50.64C220.776 50.6578 220.737 50.1532 220.591 49.4915C220.397 48.6111 220.647 48.0748 220.635 47.3299C220.627 46.7741 220.888 46.5501 220.301 46.3485C219.292 46.0019 218.245 45.8542 217.242 45.3992C216.565 45.092 215.416 46.139 214.435 46.2207C213.585 46.2914 213.64 46.3738 212.812 45.9037Z"
    }
  },
  {
    "model": "website.coffeeshop",
    "pk": 1,
    "fields": {
      "name": "Blue Bottle Coffee",
      "phone": "415-555-1234",
      "image": "",
      "description": "A great place for coffee and pastries.",
      "price_rate": 1,
      "is_network": "True",
      "work_time": 1,
      "socials": 1,
      "owner": 1,
      "address": 1,
      "city": 1,
      "tags": [
        1,
        2
      ]
    }
  },
  {
    "model": "website.coffeeshop",
    "pk": 2,
    "fields": {
      "name": "Starbucks",
      "phone": "415-555-5678",
      "image": "",
      "description": "The famous coffee chain with reliable brews.",
      "price_rate": 1,
      "is_network": "False",
      "work_time": 2,
      "socials": 2,
      "owner": 2,
      "address": 2,
      "city": 1,
      "tags": [
        1,
        3
      ]
    }
  },
  {
    "model": "website.coffeeshop",
    "pk": 3,
    "fields": {
      "name": "Peet's Coffee",
      "phone": "415-555-9876",
      "image": "",
      "description": "A classic place to enjoy your coffee.",
      "price_rate": 2,
      "is_network": "True",
      "work_time": 3,
      "socials": 3,
      "owner": 3,
      "address": 3,
      "city": 1,
      "tags": [
        2,
        4
      ]
    }
  },
  {
    "model": "website.coffeeshop",
    "pk": 4,
    "fields": {
      "name": "Philz Coffee",
      "phone": "415-555-6543",
      "image": "",
      "description": "Known for its custom blends.",
      "price_rate": 3,
      "is_network": "False",
      "work_time": 4,
      "socials": 4,
      "owner": 4,
      "address": 4,
      "city": 2,
      "tags": [
        1,
        5
      ]
    }
  },
  {
    "model": "website.coffeeshop",
    "pk": 5,
    "fields": {
      "name": "Verve Coffee",
      "phone": "415-555-3210",
      "image": "",
      "description": "Artisan coffee with a focus on quality.",
      "price_rate": 2,
      "is_network": "False",
      "work_time": 5,
      "socials": 5,
      "owner": null,
      "address": 5,
      "city": 2,
      "tags": [
        3,
        4
      ]
    }
  },
  {
    "model": "website.galleryimage",
    "pk": 1,
    "fields": {
      "image": "",
      "coffee_shop": 1
    }
  },
  {
    "model": "website.galleryimage",
    "pk": 2,
    "fields": {
      "image": "",
      "coffee_shop": 2
    }
  },
  {
    "model": "website.galleryimage",
    "pk": 3,
    "fields": {
      "image": "",
      "coffee_shop": 3
    }
  },
  {
    "model": "website.galleryimage",
    "pk": 4,
    "fields": {
      "image": "",
      "coffee_shop": 4
    }
  },
  {
    "model": "website.galleryimage",
    "pk": 5,
    "fields": {
      "image": "",
      "coffee_shop": 5
    }
  },
  {
    "model": "website.comment",
    "pk": 1,
    "fields": {
      "text": "Love the ambiance and coffee!",
      "author": 2,
      "shop": 1
    }
  },
  {
    "model": "website.comment",
    "pk": 2,
    "fields": {
      "text": "The service is always great here.",
      "author": 3,
      "shop": 2
    }
  },
  {
    "model": "website.comment",
    "pk": 3,
    "fields": {
      "text": "A bit noisy but the coffee is good.",
      "author": 4,
      "shop": 3
    }
  },
  {
    "model": "website.comment",
    "pk": 4,
    "fields": {
      "text": "Best coffee in town!",
      "author": 5,
      "shop": 4
    }
  },
  {
    "model": "website.comment",
    "pk": 5,
    "fields": {
      "text": "Great place to work from!",
      "author": 1,
      "shop": 5
    }
  },
  {
    "model": "website.review",
    "pk": 1,
    "fields": {
      "text": "Great coffee but a bit pricey.",
      "stars": 4,
      "author": 2,
      "shop": 1
    }
  },
  {
    "model": "website.review",
    "pk": 2,
    "fields": {
      "text": "Consistent quality and service.",
      "stars": 5,
      "author": 3,
      "shop": 2
    }
  },
  {
    "model": "website.review",
    "pk": 3,
    "fields": {
      "text": "Not bad, but I've had better.",
      "stars": 3,
      "author": 4,
      "shop": 3
    }
  },
  {
    "model": "website.review",
    "pk": 4,
    "fields": {
      "text": "Unique blends that I love!",
      "stars": 5,
      "author": 5,
      "shop": 4
    }
  },
  {
    "model": "website.review",
    "pk": 5,
    "fields": {
      "text": "The ambiance is perfect for meetings.",
      "stars": 4,
      "author": 1,
      "shop": 5
    }
  }
]
